det_person_id,person_conf,bbox_x1,bbox_y1,bbox_x2,bbox_y2,area
0,0.9315029382705688,1133.647216796875,1461.4375,1487.0440673828125,2655.0517578125,421819.51952540874
